generic,genus,genus_ref,genus_type,genus_type_ref,genus_syn,genus_syn_ref,genus_new_syn,subgenus,subgenus_ref,subgenus_type,subgenus_type_ref
Boopia,Boopia,"Piaget, 1880:599",Boopia tarsata,Piaget,,,,,,,
Heterodoxus,Heterodoxus,,Dendrolagia pygidialis,"Mjöberg, 1919:94 ",Dendrolagia,"Emerson & Price, 1981b:12",,,,,
Heterodoxus,Heterodoxus,"Le Souëf & Bullen, 1902b:159",Heterodoxus macropus,Le Souëf & Bullen,,,,,,,
Boopia,Boopia,,Boopia notafusca,"Eichler, 1940a:161 ",Keleriella,"Hopkins & Clay, 1952:178",,,,,
Latumcephalum,Latumcephalum,"Le Souëf, 1902a:51",Latumcephalum macropus,Le Souëf,,,,,,,
Macropophila,Macropophila,"Mjöberg, 1919:95",Macropophila forcipata,Mjöberg,,,,,,,
Paraboopia,Paraboopia,"Werneck & Thompson, 1940:441",Paraboopia flava,Werneck & Thompson,,,,,,,
Paraheterodoxus,Paraheterodoxus,"Harrison & Johnston, 1916:356",Paraheterodoxus insignis,Harrison & Johnston,,,,,,,
Phacogalia,Phacogalia,"Mjöberg, 1919:95",Heterodoxus brevispinosus,Harrison & Johnston,,,,,,,
Therodoxus,Therodoxus,"Clay, 1971a:519",Therodoxus oweni,Clay,,,,,,,
Abrocomophaga,Abrocomophaga,"Emerson & Price, 1976:426",Abrocomophaga chilensis,Emerson & Price,,,,,,,
Macrogyropus,Macrogyropus,,Gyropus amplexans,"Ewing, 1924a:20 ",Allogyropus,"Hopkins & Clay, 1952:27",,,,,
Aotiella,Aotiella,"Eichler, 1949b:11",Gyropus aotophilus,Ewing,,,,,,,
Gyropus,Gyropus,,Gyropus ovalis,"Nitzsch [In Giebel], 1874:6 ",Diplocerus,"Hopkins & Clay, 1952:117",,,,,
Gyropus,Gyropus,,Gyropus lenti,"Eichler, 1952c:76 ",Eogyropus,"Hopkins & Clay, 1953:438",,,,,
Gliricola,Gliricola,"Mjöberg, 1910a:292",Gyropus gracilis,Nitzsch,,,,,,,
Gyropus,Gyropus,"Nitzsch, 1818:302",Gyropus ovalis,Burm.,,,,,,,
Gyropus,Gyropus,,Gyropus ovalis,"Nitzsch [In Giebel], 1874:6 ",Haemabarus,"Hopkins & Clay, 1952:162",,,,,
Macrogyropus,Macrogyropus,,Heterogyropus heteronychus,"Ewing, 1924a:27 ",Heterogyropus,"Hopkins & Clay, 1952:172",,,,,
Hutiaphilus,Gliricola,"Price & Timm, 1997:287",,,,,,Hutiaphilus,"Price & Timm, 1997:287 ",Gliricola capromydis,Werneck
Macrogyropus,Macrogyropus,"Ewing, 1924a:25",Macrogyropus dentatus,Ewing,,,,,,,
Gliricola,Gliricola,,Gyropus gracilis,"Denny, 1842:247 ",Micropus,"Hopkins & Clay, 1952:226",,,,,
Gyropus,Gyropus,,Gyropus longus,"Ewing, 1924a:10 ",Monogyropus,"Hopkins & Clay, 1952:226",,,,,
Monothoracius,Monothoracius,"Werneck, 1934b:174",Monothoracius penidoi,Werneck,,,,,,,
Gliricola,Gliricola,,Paragliricola quadrisetosa,"Ewing, 1924a:29 ",Paragliricola,"Hopkins & Clay, 1952:262",,,,,
Phtheiropoios,Phtheiropoios,"Eichler, 1940a:161",Gyropus wetmorei,Werneck,,,,,,,
Pitrufquenia,Pitrufquenia,"Marelli, 1932:9",Pitrufquenia coypus,Marelli,,,,,,,
Protogyropus,Protogyropus,"Ewing, 1924a:7",Protogyropus normalis,Ewing,,,,,,,
Gyropus,Gyropus,,Gyropus lineatus,"Ewing, 1924a:21 ",Tetragyropus,"Hopkins & Clay, 1952:348",,,,,
Haematomyzus,Haematomyzus,"Piaget, 1869:254",Haematomyzus elephantis,Piaget,,,,,,,
Haematomyzus,Haematomyzus,,Idolocoris elephantis,"Walker, 1872:131 ",Idolocoris,"Hopkins & Clay, 1952:177",,,,,
Haematomyzus,Haematomyzus,,Idolocoris elephantis,"White, 1872:234 ",Phantasmocoris,"Hopkins & Clay, 1952:279",,,,,
Eulaemobothrion,Eulaemobothrion,,Laemobothrion kelloggi,"Lakshminarayana, 1970:138 ",Ciconiicola,,New Syn,,,,
Eulaemobothrion,Laemobothrion,"Hopkins & Clay, 1952:133",,,,,,Eulaemobothrion,"Ewing, 1929:189 ",Laemobothrion nigrum,Burm.
Laemobothrion,Laemobothrion,"Nitzsch, 1818:301",Laemobothrion maximum,Scopoli,,,,,,,
Eulaemobothrion,Eulaemobothrion,,Laemobothrion opisthocomi,"Eichler, 1941a:127 ",Ornithopeplechthos,"Hopkins & Clay, 1952:253",,,,,
Eulaemobothrion,Eulaemobothrion,,Laemobothrion pallescens,"Eichler, 1941a:128 ",Plegadilymantikos,"Hopkins & Clay, 1952:294",,,,,
Eulaemobothrion,Eulaemobothrion,,Laemobothrion gracilentus,"Eichler, 1941a:128 ",Pterophagus,"Hopkins & Clay, 1952:307",,,,,
Myrsidea,Myrsidea,,Acolpocephalum brevipes,"Ewing, 1927:88 ",Acolpocephalum,"Hopkins & Clay, 1952:20",,,,,
Actornithophilus,Actornithophilus,"Ferris, 1916:303",Colpocephalum uniseriatum,Piaget,,,,,,,
Aegypiphilus,Cuculiphilus,"Scharf & Price, 1965:553",,,,,,Aegypiphilus,"Eichler, 1944d:56 ",Aegypiphilus gypsis,Eichler
Afrimenopon,Afrimenopon,"Price, 1970c:372",Franciscoloa waar,Eichler,,,,,,,
Myrsidea,Myrsidea,,Myrsidea kuluensis,"Ansari, 1951:189 ",Alcediniphilus,"Clay, 1966c:330",,,,,
Colpocephalum,Colpocephalum,,Colpocephalum semicinctum,"Qadri, 1939:66 ",Allocolpocephalum,"Hopkins & Clay, 1952:27",,,,,
Chapinia,Chapinia,,Menopon bucerotis,"Bedford, 1930:153 ",Allomenopon,"Hopkins & Clay, 1952:27",,,,,
Myrsidea,Myrsidea,,Myrsidea struthidea,"Conci, 1942a:31 ",Allomyrsidea,"Hopkins & Clay, 1952:27",,,,,
Amyrsidea,Amyrsidea,"Ewing, 1927:90",Menopon ventrale,Nitzsch,,,,,,,
Ancistrona,Ancistrona,"Westwood, 1874:197",Ancistrona procellariae,Westwood,,,,,,,
Ciconiphilus,Ciconiphilus,,nomen nudum,"Kéler, 1939c:56 ",Aneutalus,"Hopkins & Clay, 1952:36",,,,,
Ciconiphilus,Ciconiphilus,,Colpocephalum pectiniventre,"Eichler, 1944d:57 ",Anseriphilus,"Hopkins & Clay, 1952:37",,,,,
Bucerophagus,Bucerophagus,,Menopon forcipatum,"Eichler, 1947a:3 ",Antimenopon,"Hopkins & Clay, 1952:37",,,,,
Apterygon,Apterygon,"Clay, 1961a:571",Apterygon mirum,Clay,,,,,,,
Colpocephalum,Colpocephalum,,Colpocephalum impressum,"Eichler & Z{l-}otorzycka, 1971:30 ",Aquiligogus,,New Syn,,,,
Ardeiphilus,Ardeiphilus,"Bedford, 1939b:139",Colpocephalum trochioxum,Burm.,,,,,,,
Argimenopon,Amyrsidea,"Scharf & Price, 1977:815",,,,,,Argimenopon,"Eichler, 1947a:5 ",Argimenopon polytrichum,Eichler
Eureum,Eureum,,Eureum cimicoides,"Eichler, 1949b:11 ",Arndtiella,"Hopkins & Clay, 1952:42",,,,,
Myrsidea,Myrsidea,,Menopon cinerea,"Conci, 1942a:31 ",Australmenopon,"Clay, 1966c:330",,,,,
Austromenopon,Austromenopon,"Bedford, 1939b:122",Menopon crocatum,Nitzsch,,,,,,,
Colpocephalum,Colpocephalum,,Colpocephalum longipes,"Eichler, 1982:82 ",Blagoveshtshenskyella,,New Syn,,,,
Bonomiella,Bonomiella,"Conci, 1942f:124",Bonomiella insolitunguicolata,Conci,,,,,,,
Bucerocolpocephalum,Bucerocolpocephalum,"Elbel, 1967:36",Bucerocolpocephalum emersoni,Elbel,,,,,,,
Bucerophagus,Bucerophagus,"Bedford, 1929:509",Bucerophagus africanus,Bedford,,,,,,,
Cacamenopon,Franciscoloa,"Price, 1967d:514",,,,,,Cacamenopon,"Price, 1967d:514 ",Franciscoloa hodsoni,Price
Colpocephalum,Colpocephalum,,Colpocephalum breve,"Eichler, 1952c:76 ",Cariamigogus,"Hopkins & Clay, 1953:435",,,,,
Hoazineus,Hoazineus,,Colpocephalum armiferum,"Eichler, 1941a:127 ",Carrikerella,"Hopkins & Clay, 1952:66",,,,,
Carrikeria,Cuculiphilus,"Scharf & Price, 1965:551",,,,,,Carrikeria,"Hopkins, 1947a:182 ",Menacanthus megaspinus,Carriker
Cavifera,Cavifera,"Clay & Price, 1970b:336",Cavifera abdita,Clay & Price,,,,,,,
Chapinia,Chapinia,"Ewing, 1927:88",Chapinia robusta,Ewing,,,,,,,
Ciconiphilus,Ciconiphilus,"Bedford, 1939b:141",Colpocephalum quadripustulatum,Burm.,,,,,,,
Clayia,Clayia,"Hopkins, 1941b:46",Colpocephalum mjoebergi,Hopkins,,,,,,,
Actornithophilus,Actornithophilus,,Colpocephalum incisum,"Timmer., 1954c:830 ",Clypeodon,"Emerson, 1972b:15",,,,,
Colimenopon,Colimenopon,"Clay & Meinertzhagen, 1941:332",Machaerilaemus urocolius,Bedford,,,,,,,
Collodennyus,Dennyus,"Ledger, 1970b:240",,,,,,Collodennyus,"Ledger, 1970b:240 ",Dennyus distinctus,Ferris
Ardeiphilus,Ardeiphilus,,nomen nudum,"Kéler, 1939c:57 ",Colpocarenum,"Hopkins & Clay, 1952:75",,,,,
Colpocephalum,Colpocephalum,"Nitzsch, 1818:298",Colpocephalum zebra,Burm.,,,,,,,
Hohorstiella,Hohorstiella,,Columbimenopon modestus,"Ansari, 1951:130 ",Columbimenopon,"Hopkins & Clay, 1953:437",,,,,
Comatomenopon,Comatomenopon,"Uchida, 1920:648",Comatomenopon elongatum,Uchida,,,,,,,
Conciella,Kurodaia,"Hopkins & Clay, 1952:88",,,,,,Conciella,"Eichler, 1949b:11 ",Colpocephalum painei,McGregor
Coramenopon,Coramenopon,"Price, 1968a:41",Menopon coracopsis,Mjöberg,,,,,,,
Colpocephalum,Colpocephalum,,Colpocephalum subaequale,"Conci, 1942a:30 ",Corvocolpocephalum,"Hopkins & Clay, 1952:89",,,,,
Myrsidea,Myrsidea,,Menopon robsoni,"Conci, 1942a:31 ",Corvomenopon,"Hopkins & Clay, 1952:89",,,,,
Cracimenopon,Amyrsidea,"Scharf & Price, 1977:815",,,,,,Cracimenopon,"Carriker, 1954d:21 ",Cracimenopon mituensis,Carriker
Ctenigogus,Ctenigogus,"Eichler & Z{l-}otorzycka, 1963a:40",Ctenigogus erinaceimorphus,Eichler & Z{l-}otorzycka,,,,,,,
Ctenodennyus,Dennyus,"Ewing, 1930b:9",,,,,,Ctenodennyus,"Ewing, 1930b:9 ",Ctenodennyus spiniger,Ewing
Carrikeria,Carrikeria,,Menacanthus megaspinus,"Conci, 1947:31 ",Ctenomenacanthus,"Hopkins & Clay, 1952:93",,,,,
Osborniella,Osborniella,,Colpocephalum crotophagae,"Eichler, 1952c:76 ",Cuculigogus,"Hopkins & Clay, 1953:437",,,,,
Cuculimenopon,Cuculimenopon,"Price & Emerson, 1975a:429",Cuculimenopon pallidi,Price & Emerson,,,,,,,
Cuculiphilus,Cuculiphilus,"Uchida, 1926:47",Pediculus fasciatus,Scopoli,,,,,,,
Dennyus,Dennyus,"Neumann, 1906:60",Nitzschia burmeisteri,Denny,,,,,,,
Myrsidea,Myrsidea,,Menopon rusticum,"Z{l-}otorzycka, 1964a:171 ",Densidea,"Clay, 1966c:330",,,,,
Desumenopon,Amyrsidea,"Scharf & Price, 1977:815",,,,,,Desumenopon,"Carriker, 1954d:25 ",Amyrsidea praegracilis,Carriker
Actornithophilus,Actornithophilus,,Actornithophilus svobodae,"Balát, 1953:96 ",Diactornithophilus,"Hopkins & Clay, 1955:181",,,,,
Clayia,Clayia,,Diasiella cruzi,"Tendeiro, 1955c:136 ",Diasiella,"Emerson, 1972b:41",,,,,
Dicteisia,Dicteisia,"Bedford, 1939b:151",Menopon triste,Giebel,,,,,,,
Colpocephalum,Colpocephalum,,Colpocephalum spineum,"Eichler, 1944d:60 ",Dimorphiventer,"Hopkins & Clay, 1952:117",,,,,
Myrsidea,Myrsidea,,Eichlerinopon celeripes,"Z{l-}otorzycka, 1964a:179 ",Eichlerinopon,"Clay, 1966c:330",,,,,
Eidmanniella,Eidmanniella,"Kéler, 1938a:81",Menopon brevipalpe,Piaget,,,,,,,
Elbelia,Elbelia,"Price & Emerson, 1975a:427",Elbelia validi,Price & Emerson,,,,,,,
Menacanthus,Menacanthus,,Menopon biseriatum,"Uchida, 1926:30 ",Eomenacanthus,"Hopkins & Clay, 1952:130",,,,,
Eomenopon,Eomenopon,"Harrison, 1915a:385",Eomenopon denticulatum,Harrison,,,,,,,
Epiara,Epiara,"Carriker, 1954b:158",Epiara dimorpha,Carriker,,,,,,,
Eucolpocephalum,Eucolpocephalum,"Bedford, 1930:161",Eucolpocephalum robustum,Bedford,,,,,,,
Eureum,Eureum,"Nitzsch, 1818:301",Eureum cimicoides,Burm.,,,,,,,
Trinoton,Trinoton,,Trinoton femoratum,"Eichler, 1941a:126 ",Ewingella,"Hopkins & Clay, 1952:135",,,,,
Colpocephalum,Colpocephalum,,Falcocephalum pricei,"Tendeiro, 1989c:150 ",Falcocephalum,,New Syn,,,,
Falcomenopon,Falcomenopon,"Emerson & Elbel, 1958:30",Kurodaia boonsongi,Emerson & Elbel,,,,,,,
Falcophilus,Cuculiphilus,"Scharf & Price, 1965:552",,,,,,Falcophilus,"Guimarães, 1942c:241 ",Menopon alternatum,Osborn
Colpocephalum,Colpocephalum,,Colpocephalum turbinatum,"Uchida, 1926:43 ",Ferrisia,"Hopkins & Clay, 1952:141",,,,,
Franciscoloa,Franciscoloa,"Conci, 1942b:35",Franciscoloa cacatuae,Conci,,,,,,,
Fregatiella,Fregatiella,"Ryan & Price, 1969b:825",Menopon aurifasciatum,Kellogg,,,,,,,
Menacanthus,Menacanthus,,Menopon cornutum,"Eichler, 1971:166 ",Gallacanthus,"Ledger, 1980:56",,,,,
Colpocephalum,Colpocephalum,,Galliferrisia tausi,"Ansari, 1951:150 ",Galliferrisia,"Hopkins & Clay, 1953:438",,,,,
Colpocephalum,Colpocephalum,,Colpocephalum appendiculatum,"Eichler, 1947a:10 ",Galligogus,"Hopkins & Clay, 1952:142",,,,,
Holomenopon,Holomenopon,,Holomenopon goliath,"Eichler, 1982:83 ",Goliathipon,"Palma & Barker, 1996:129",,,,,
Gruimenopon,Gruimenopon,"Clay & Meinertzhagen, 1941:339",Menopon longum,Giebel,,,,,,,
Colpocephalum,Colpocephalum,,Gypsigogus novoannus,"Eichler & Z{l-}otorzycka, 1963c:212 ",Gypsigogus,"Price & Emerson, 1966b:430",,,,,
Heleonomus,Heleonomus,"Ferris, 1916:305",Colpocephalum truncatum,Piaget,,,,,,,
Heterokodeia,Heterokodeia,"Carriker, 1954b:161",Heterokodeia spinosa,Carriker,,,,,,,
Heteromenopon,Heteromenopon,"Carriker, 1954b:170",Heteromenopon sincipitalis,Carriker,,,,,,,
Machaerilaemus,Machaerilaemus,,Hirundoecus americanus,"Ewing, 1930b:12 ",Hirundoecus,"Hopkins & Clay, 1952:173",,,,,
Hoazineus,Hoazineus,"Guimarães, 1940b:311",Colpocephalum armiferum,Kellogg,,,,,,,
Hohorstiella,Hohorstiella,"Eichler, 1940c:362",Menopon latum,Piaget,,,,,,,
Holomenopon,Holomenopon,"Eichler, 1941a:125",Menopon albofasciatum,Piaget,,,,,,,
Plegadiphilus,Plegadiphilus,,Menopon plegadis,"Eichler, 1986:46 ",Irinaephilus,,New Syn,,,,
Kaysius,Kaysius,"Price & Clayton, 1989:29",Kaysius emersoni,Price & Clayton,,,,,,,
Keamenopon,Heteromenopon,"Price & Beer, 1967:335",,,,,,Keamenopon,"Price & Beer, 1967:335 ",Menopon fulvofasciatum,Kellogg
Kelerimenopon,Kelerimenopon,"Conci, 1942d:262",Kelerimenopon sanfilippoi,Conci,,,,,,,
Kurodaia,Kurodaia,"Uchida, 1926:50",Colpocephalum haliaeeti,Denny,,,,,,,
Menacanthus,Menacanthus,,Lanicanthus aequalis,"Z{l-}otorzycka, 1965:57 ",Lanicanthus,"Emerson, 1972b:75",,,,,
Colpocephalum,Colpocephalum,,Allocolpocephalum laniidorum,"Z{l-}otorzycka, 1964a:187 ",Lanicephalum,"Price & Emerson, 1966b:431",,,,,
Myrsidea,Myrsidea,,Lanimenopon abhorreus,"Z{l-}otorzycka, 1964a:177 ",Lanimenopon,"Clay, 1966c:330",,,,,
Actornithophilus,Actornithophilus,,Colpocephalum maurum,"Z{l-}otorzycka, 1963c:223 ",Larithophilus,"Price & Emerson, 1966b:432",,,,,
Colpocephalum,Colpocephalum,,Colpocephalum leptopygos,"Eichler, 1947a:15 ",Liothella,"Hopkins & Clay, 1952:189",,,,,
Myrsidea,Myrsidea,,Liquidea proterva,"Z{l-}otorzycka, 1964a:173 ",Liquidea,"Clay, 1966c:330",,,,,
Longimenopon,Longimenopon,"Thompson, 1948b:197",Longimenopon puffinus,Thompson,,,,,,,
Lorimenopon,Kelerimenopon,"Price & Emerson, 1966:357",,,,,,Lorimenopon,"Price & Emerson, 1966:357 ",Colpocephalum longipes,Piaget
Machaerilaemus,Machaerilaemus,"Harrison, 1915a:389",Machaerilaemus latifrons,Harrison,,,,,,,
Colpocephalum,Colpocephalum,,Megacolpocephalum papuensis,"Mey, 1999:119 ",Megacolpocephalum,,New Syn,,,,
Kelerimenopon,Kelerimenopon,,Colpocephalum minus,"Eichler, 1982:83 ",Megapodipon,,New Syn,,,,
Menacanthus,Menacanthus,"Neumann, 1912a:353",Menopon robustum,Kellogg,,,,,,,
Menopon,Menopon,"Nitzsch, 1818:299",Menopon gallinae,L.,,,,,,,
Meromenopon,Meromenopon,"Clay & Meinertzhagen, 1941:333",Meromenopon meropis,Clay & Meinertzhagen,,,,,,,
Microctenia,Microctenia,"Kéler, 1939a:251",Microctenia tibialis,Kéler,,,,,,,
Mimemamenopon,Mimemamenopon,"Carriker, 1957a:733",Mimemamenopon zumpti,Carriker,,,,,,,
Myrsidea,Myrsidea,"Waterston, 1915b:12",Myrsidea victrix,Waterston,,,,,,,
Myrsidea,Myrsidea,,Menopon consimilis,"Eichler, 1951a:49 ",Myrsidella,"Hopkins & Clay, 1953:441",,,,,
Colpocephalum,Colpocephalum,,Colpocephalum turbinatum,"Ewing, 1933:65 ",Neocolpocephalum,"Hopkins & Clay, 1952:235",,,,,
Neomenopon,Neomenopon,"Bedford, 1920b:170",Neomenopon pteroclurus,Bedford,,,,,,,
Myrsidea,Myrsidea,,Neomyrsidella usitata,"Z{l-}otorzycka, 1964a:182 ",Neomyrsidella,"Clay, 1966c:330",,,,,
Menacanthus,Menacanthus,,Neumannia okadai,"Uchida, 1926:27 ",Neumannia,"Hopkins & Clay, 1952:239",,,,,
Machaerilaemus,Machaerilaemus,,Machaerilaemus cotingae,"Eichler, 1954b:52 ",Niethammerella,"Ledger, 1980:46",,,,,
Dennyus,Dennyus,,Nitzschia burmeisteri,"Denny, 1842:230 ",Nitzschia,"Hopkins & Clay, 1952:249",,,,,
Kurodaia,Kurodaia,,Menopon fulvofasciatum,"Eichler, 1940c:363 ",Nosopoios,"Hopkins & Clay, 1952:249",,,,,
Nosopon,Nosopon,"Hopkins, 1950:239",Menopon fulvofasciatum,Piaget,,,,,,,
Numidicola,Numidicola,"Ewing, 1927:90",Numidicola longicornis,Ewing,,,,,,,
Numidimenopon,Amyrsidea,"Scharf & Price, 1977:819",,,,,,Numidimenopon,"Scharf {& Price}, 1977:819 ",Menacanthus desousai,Kéler
Odoriphila,Odoriphila,"Clay & Meinertzhagen, 1941:336",Odoriphila phoeniculi,Clay & Meinertzhagen,,,,,,,
Osborniella,Osborniella,"Thompson, 1948c:53",Colpocephalum crotophagae,Stafford,,,,,,,
Pacifimenopon,Pacifimenopon,"Price, 1966c:827",Pacifimenopon nelsoni,Price,,,,,,,
Machaerilaemus,Machaerilaemus,,Machaerilaemus raggianae,"Eichler, 1982:84 ",Paradisilaemus,,New Syn,,,,
Holomenopon,Holomenopon,,Holomenopon clypeilargum,"Eichler, 1982:84 ",Paramenopon,,New Syn,,,,
Carrikeria,Carrikeria,,Menacanthus megaspinus,"Eichler, 1953f:167 ",Pectinacanthus,"Hopkins & Clay, 1955:184",,,,,
Colpocephalum,Colpocephalum,,Colpocephalum eucarenum,"Eichler, 1949b:12 ",Pelecanigogus,"Hopkins & Clay, 1952:273",,,,,
Piagetiella,Piagetiella,,Menopon ragazzii,"Picaglia, 1884:104 ",Piagetia,"Hopkins & Clay, 1952:291",,,,,
Piagetiella,Piagetiella,"Neumann, 1906:60",Menopon ragazzii,Picaglia,,,,,,,
Menacanthus,Menacanthus,,Picacanthus dryobates,"Eichler, 1953f:180 ",Picacanthus,"Hopkins & Clay, 1955:185",,,,,
Colpocephalum,Colpocephalum,,Cuculiphilus tirkhan,"Ansari, 1951:163 ",Picusphilus,"Hopkins & Clay, 1953:442",,,,,
Plegadiphilus,Plegadiphilus,"Bedford, 1939b:138",Plegadiphilus threskiornis,Bedford,,,,,,,
Podargiphilus,Podargiphilus,"Mey, 1991a:219",Podargiphilus burmensis,Mey,,,,,,,
Colpocephalum,Colpocephalum,,Vulturigogus eugenii,"Eichler & Z{l-}otorzycka, 1971:20 ",Pricebeeria,,New Syn,,,,
Austromenopon,Austromenopon,,Procellariphaga ossifragae,"Eichler, 1949b:12 ",Procellariphaga,"Price & Clay, 1972:487",,,,,
Colpocephalum,Colpocephalum,,Pseudocolpocephalum uchidi,"Qadri, 1936:640 ",Pseudocolpocephalum,"Hopkins & Clay, 1952:299",,,,,
Pseudomenopon,Pseudomenopon,"Mjöberg, 1910b:50",Menopon tridens,Burm.,,,,,,,
Psittacobrosus,Psittacobrosus,"Carriker, 1954b:150",Psittacobrosus burmeisteri,Carriker,,,,,,,
Psittacomenopon,Psittacomenopon,"Bedford, 1930:154",Menopon poicephalum,Bedford,,,,,,,
Pterophilus,Pterophilus,"Clay & Price, 1970a:119",Pterophilus sudanensis,Clay & Price,,,,,,,
Quateia,Quateia,"Price & Emerson, 1975a:430",Quateia irianensis,Price & Emerson,,,,,,,
Myrsidea,Myrsidea,,Ramphasticola hirsuta,"Carriker, 1949a:305 ",Ramphasticola,"Hopkins & Clay, 1952:321",,,,,
Colpocephalum,Colpocephalum,,Ratitiphagus batocina,"Eichler, 1949b:13 ",Ratitiphagus,"Price, 1967e:367",,,,,
Rediella,Rediella,"Hopkins, 1948:105",Rediella mirabilis,Hopkins,,,,,,,
Colpocephalum,Colpocephalum,,nomen nudum,"Kéler, 1939c:57 ",Scalarisoma,"Hopkins & Clay, 1952:337",,,,,
Colpocephalum,Colpocephalum,,Colpocephalum scopinum,"Eichler, 1952c:77 ",Scopigogus,"Hopkins & Clay, 1953:445",,,,,
Somaphantus,Somaphantus,"Paine, 1914b:1",Somaphantus lusius,Paine,,,,,,,
Menopon,Menopon,,Menopon spinulosum,"Eichler, 1982:85 ",Spinulosipon,,New Syn,,,,
Takamatsuia,Dennyus,,,,,,New Syn,Takamatsuia,"Uchida, 1926:32 ",Takamatsuia major,Uchida
Colpocephalum,Colpocephalum,,Colpocephalum talegallae,"Mey, 1982d:232 ",Talegalligogus,,New Syn,,,,
Meromenopon,Meromenopon,,Tamaninia rara,"Conci, 1941a:106 ",Tamaninia,"Hopkins & Clay, 1952:347",,,,,
Colpocephalum,Colpocephalum,,Colpocephalum heterosoma,"Eichler, 1982:85 ",Tendeiroella,,New Syn,,,,
Piagetiella,Piagetiella,,Tetrophthalmus chilensis,"Grosse, 1885:534 ",Tetrophthalmus,"Hopkins & Clay, 1952:348",,,,,
Trinoton,Trinoton,"Nitzsch, 1818:300",Liotheum conspurcatum,Nitzsch,,,,,,,
Turacoeca,Turacoeca,"Thompson, 1938:350",Colpocephalum scleroderma,Ewing,,,,,,,
Menacanthus,Menacanthus,,Neumannia okadai,"Ewing, 1930a:125 ",Uchida,"Hopkins & Clay, 1952:360",,,,,
Conciella,Conciella,,Ululoecus panjabensis,"Ansari, 1951:160 ",Ululoecus,"Hopkins & Clay, 1953:446",,,,,
Menacanthus,Menacanthus,,Menopon fertilis,"Eichler, 1986:45 ",Upupacanthus,,New Syn,,,,
Myrsidea,Myrsidea,,Liotheum cucullare,"Z{l-}otorzycka, 1964a:172 ",Vulgidea,"Clay, 1966c:330",,,,,
Colpocephalum,Colpocephalum,,Colpocephalum kelloggi,"Eichler & Z{l-}otorzycka, 1963c:205 ",Vulturigogus,"Price & Emerson, 1966b:430",,,,,
Falcophilus,Falcophilus,,Menopon alternatum,"Eichler, 1948c:251 ",Vulturiphilus,"Hopkins & Clay, 1952:361",,,,,
Myrsidea,Myrsidea,,Menopon cornicis,"Z{l-}otorzycka, 1973a:51 ",Wolfdietrichia,"Ledger, 1980:61",,,,,
Menacanthus,Menacanthus,,Zemiodes zumpti,"Eichler, 1944e:172 ",Zemiodes,"Emerson, 1972b:75",,,,,
Neophilopterus,Neophilopterus,,Abumarkub koenigi,"Eichler, 1959b:64 ",Abumarkub,"Emerson, 1972a:99",,,,,
Acidoproctus,Acidoproctus,"Piaget, 1878:178",Acidoproctus marginatus,Piaget,,,,,,,
Brueelia,Brueelia,,Acronirmus buettikeri,"Eichler, 1953g:338 ",Acronirmus,,New Syn,,,,
Acutifrons,Acutifrons,"Guimarães, 1942c:235",Acutifrons vieirai,Guimarães,,,,,,,
Aegypoecus,Aegypoecus,"Clay & Meinertzhagen, 1939a:36",Helluo neophron,Clay & Meinertzhagen,,,,,,,
Acidoproctus,Acidoproctus,,Akidoproctus marginatus,"Piaget, 1880:208 ",Akidoproctus,"Hopkins & Clay, 1952:25",,,,,
Penenirmus,Penenirmus,,Penenirmus pavlovskyi,"Z{l-}otorzycka, 1964b:273 ",Alaudinirmus,"Emerson, 1972a:111",,,,,
Alcedoecus,Alcedoecus,"Clay & Meinertzhagen, 1939b:162",Philopterus capistratus,Neumann,,,,,,,
Alcedoffula,Alcedoffula,"Clay & Meinertzhagen, 1939b:161",Docophorus alcedinis,Denny,,,,,,,
Brueelia,Brueelia,,Allobrueelia amsel,"Eichler, 1951c:36 ",Allobrueelia,"Hopkins & Clay, 1953:434",,,,,
Brueelia,Brueelia,,Nirmus tristis,"Z{l-}otorzycka, 1964b:263 ",Allonirmus,"Ledger, 1980:41",,,,,
Auricotes,Auricotes,,Altericornu coloceroides,"Tendeiro, 1969g:506 ",Altericornu,,New Syn,,,,
Anamias,Halipeurus,"Timmer., 1965:155",,,,,,Anamias,"Timmer., 1965:155 ",Halipeurus raphanus,Timmer.
Anaticola,Anaticola,"Clay, 1936a:617",Pediculus crassicornis,Scopoli,,,,,,,
Anatoecus,Anatoecus,"Cummings, 1916b:653",Philopterus icterodes,Nitzsch,,,,,,,
Physconella,Physconella,,Ancistrocephalus kelloggi,"Paine, 1913:158 ",Ancistrocephalus,"Hopkins & Clay, 1952:36",,,,,
Coloceras,Coloceras,,Ancistrodes furcatus,"Kéler, 1939b:65 ",Ancistrodes,"Hopkins & Clay, 1952:36",,,,,
Quadraceps,Quadraceps,,Nirmus separatus,"Z{l-}otorzycka, 1967:730 ",Anousceps,"Emerson, 1972a:133",,,,,
Aptericola,Rallicola,"Hopkins & Clay, 1952:37",,,,,,Aptericola,"Harrison, 1915b:90 ",Rallicola gadowi,Harrison
Aquanirmus,Aquanirmus,"Clay & Meinertzhagen, 1939b:163",Lipeurus runcinatus,Nitzsch,,,,,,,
Goniodes,Goniodes,,Goniodes wilsoni,"Conci, 1946b:77 ",Archigoniodes,"Hopkins & Clay, 1952:38",,,,,
Struthiolipeurus,Struthiolipeurus,,Struthiolipeurus nandu,"Mey, 1998:68 ",Archolipeurus,,New Syn,,,,
Ardeicola,Ardeicola,"Clay, 1936a:615",Pediculus ardeae,L.,,,,,,,
Ardeiphagus,Ardeiphagus,"Carriker, 1949a:307",Ardeiphagus cochlearius,Carriker,,,,,,,
Goniodes,Goniodes,,Goniocotes astrocephalus,"Kéler, 1939b:109 ",Astrocotes,"Hopkins & Clay, 1952:43",,,,,
Goniodes,Goniodes,,Goniocotes coronatus,"Kéler, 1939b:113 ",Astrodes,"Hopkins & Clay, 1952:43",,,,,
Auricotes,Auricotes,"Kéler, 1939b:164",Goniocotes carpophagae,Rudow,,,,,,,
Goniodes,Goniodes,,Aurinirmus arfakianus,"Tendeiro, 1983c:116 ",Aurinirmus,,New Syn,,,,
Austrogoniodes,Austrogoniodes,"Harrison, 1915a:398",Goniocotes waterstoni,Cummings,,,,,,,
Kelloggia,Kelloggia,,Austrokelloggia intermedia,"Carriker, 1936:175 ",Austrokelloggia,"Ward, 1957:338",,,,,
Austrophilopterus,Austrophilopterus,"Ewing, 1929:190",Docophorus cancellosus,Carriker,,,,,,,
Paragoniocotes,Paragoniocotes,,Goniocotes fasciatus,"Eichler, 1952c:75 ",Avipediculus,"Hopkins & Clay, 1953:435",,,,,
Bedfordiella,Bedfordiella,"Thompson, 1937a:434",Bedfordiella unica,Thompson,,,,,,,
Anatoecus,Anatoecus,,Pediculus dentatus,"Z{l-}otorzycka, 1970:10 ",Benatoecus,"Emerson, 1972a:12",,,,,
Philopterus,Philopterus,,Docophorus singularis,"Uchida, 1948:317 ",Bitrabeculus,"Hopkins & Clay, 1952:50",,,,,
Bizarrifrons,Bizarrifrons,"Eichler, 1938:226",Nirmus magus,Nitzsch,,,,,,,
Bothriometopus,Bothriometopus,"Taschenberg, 1882:188",Lipeurus macrocnemis,Burm.,,,,,,,
Brueelia,Brueelia,"Kéler, 1936a:257",Brueelia rossittensis,Kéler,,,,,,,
Bucerocophorus,Bucerocophorus,"Elbel, 1976:313",Docophorus pachycnemis,Giebel,,,,,,,
Buceroemersonia,Buceroemersonia,"Elbel, 1977b:798",Buceroemersonia clarkei,Elbel,,,,,,,
Buceronirmus,Buceronirmus,"Hopkins, 1941b:43",Buceronirums longicuneatus,Hopkins,,,,,,,
Bucorvellus,Bucorvellus,"Clay, 1955b:1",Lipeurus docophorus,Giebel,,,,,,,
Buerelius,Buerelius,"Clay & Tandan, 1967:34",Docophorus longiceps,Piaget,,,,,,,
Campanulotes,Campanulotes,"Kéler, 1939b:157",Goniocotes compar,Burm.,,,,,,,
Philopterus,Philopterus,,Campephagoecus osculolimbatus,"Eichler, 1952c:75 ",Campephagoecus,"Hopkins & Clay, 1953:435",,,,,
Capraiella,Capraiella,"Conci, 1941b:126",Nirmus subcuspidatus,Burm.,,,,,,,
Caracaricola,Caracaricola,"Mey & Acuna, 2000:62",Caracaricola chimangophilus,Mey & Acuna,,,,,,,
Carduiceps,Carduiceps,"Clay & Meinertzhagen, 1939c:451",Nirmus complexivus,Kellogg & Chapman,,,,,,,
Quadraceps,Quadraceps,,Quadraceps punensis,"Eichler & Z{l-}otorzycka, 1964:320 ",Carrikericeps,"Emerson, 1972a:133",,,,,
Trabeculus,Trabeculus,,Cecalymenus oestrelatae,"Enderlein, 1917:242 ",Cecalymenus,"Hopkins & Clay, 1952:67",,,,,
Centropodiella,Centropodiella,"Mey, 1985:91",Centropodiella borneoensis,Mey,,,,,,,
Anatoecus,Anatoecus,,Cereopsoecus clayae,"Kéler, 1960a:238 ",Cereopsoecus,"Emerson, 1972a:12",,,,,
Austrogoniodes,Austrogoniodes,,Cesareus concii,"Kéler, 1952a:221 ",Cesareus,"Hopkins & Clay, 1953:435",,,,,
Quadraceps,Quadraceps,,Pediculus hiaticulae,"Z{l-}otorzycka, 1967:728 ",Chadraceps,"Emerson, 1972a:133",,,,,
Chelopistes,Chelopistes,"Kéler, 1939b:180",Philopterus stylifer,Nitzsch,,,,,,,
Quadraceps,Quadraceps,,Quadraceps vaginalis,"Eichler, 1982:82 ",Chioniceps,"Palma & Barker, 1996:209",,,,,
Ardeicola,Ardeicola,,Pediculus ciconiae,"Eichler, 1982:83 ",Cicardeicola,,New Syn,,,,
Philopterus,Philopterus,,Docophorus cincli,"Eichler, 1951d:195 ",Cincloecus,"Hopkins & Clay, 1953:436",,,,,
Cirrophthirius,Cirrophthirius,"Timmer., 1953b:330",Pediculus recurvirostrae,L.,,,,,,,
Quadraceps,Quadraceps,,Nirmus decipiens,"Timmer., 1953b:331 ",Cistellatrix,"Palma & Barker, 1996:209",,,,,
Goniodes,Goniodes,,Archigoniodes hopkinsi,"Conci, 1952:178 ",Clayarchigoniodes,"Hopkins & Clay, 1953:436",,,,,
Goniodes,Goniodes,,Goniodes extraneus,"Conci, 1946b:77 ",Claygoniodes,"Hopkins & Clay, 1952:72",,,,,
Philopterus,Philopterus,,Clayiella schulzkampfhenkeli,"Eichler, 1940b:102 ",Clayiella,"Hopkins & Clay, 1952:73",,,,,
Colilipeurus,Colilipeurus,"Bedford, 1930:167",Esthiopterum colius,Bedford,,,,,,,
Colinicola,Colinicola,"Carriker, 1945c:360",Goniodes numidianus,Denny,,,,,,,
Coloceras,Coloceras,"Taschenberg, 1882:42",Goniodes damicornis,Nitzsch,,,,,,,
Coloceras,Coloceras,,Coloceroides nitens,"Tendeiro, 1972b:25 ",Coloceroides,,New Syn,,,,
Columbicola,Columbicola,"Ewing, 1929:116",Pediculus columbae,L.,,,,,,,
Craspedonirmus,Craspedonirmus,,Docophorus graviceps,"Uchida, 1948:309 ",Colymbicola,"Hopkins & Clay, 1952:88",,,,,
Rallicola,Rallicola,,Corvicola insulana,"Carriker, 1949b:1 ",Corvicola,"Hopkins & Clay, 1952:89",,,,,
Brueelia,Brueelia,,Nirmus uncinosus,"Eichler, 1944a:80 ",Corvonirmus,"Hopkins & Clay, 1952:89",,,,,
Cotingacola,Cotingacola,"Carriker, 1956c:366",Cotingacola rupicolae,Carriker,,,,,,,
Craspedonirmus,Craspedonirmus,"Thompson, 1940c:516",Nirmus frontatus,Nitzsch,,,,,,,
Craspedorrhynchus,Craspedorrhynchus,"Kéler, 1938b:239",Docophorus platystomus,Burm.,,,,,,,
Cuclotocephalus,Cuclotocephalus,"Carriker, 1936:101",Cuclotocephalus extraneus,Carriker,,,,,,,
Cuclotogaster,Cuclotogaster,"Carriker, 1936:67",Cuclotogaster laticorpus,Carriker,,,,,,,
Cuculicola,Cuculicola,"Clay & Meinertzhagen, 1939b:165",Nirmus latirostris,Burm.,,,,,,,
Cuculoecus,Cuculoecus,"Ewing, 1936:148",Docophorus coccygi,Osborn,,,,,,,
Cummingsiella,Cummingsiella,"Ewing, 1930a:125",Docophorus testudinarius,Denny,,,,,,,
Philopterus,Philopterus,,Philopterus excisus,"Conci, 1941b:126 ",Cypseloecus,"Hopkins & Clay, 1952:101",,,,,
Dahlemhornia,Dahlemhornia,"Kéler, 1936b:126",Philopterus excisus,Nitzsch,,,,,,,
Philopterus,Philopterus,,Philopterus claviformis,"Conci, 1941b:126 ",Debeauxoecus,"Hopkins & Clay, 1952:110",,,,,
Degeeriella,Degeeriella,"Neumann, 1906:60",Nirmus discocephalus,Burm.,,,,,,,
Goniocotes,Goniocotes,,Goniocotes haplogonus,"Kéler, 1939b:153 ",Dictyocotes,"Hopkins & Clay, 1952:116",,,,,
Paragoniocotes,Paragoniocotes,,Dimorphia mirabilis,"Carriker, 1940:294 ",Dimorphia,"Hopkins & Clay, 1952:116",,,,,
Harrisoniella,Harrisoniella,,Lipeurus ferox,"Kéler, 1957a:496 ",Diomedicola,"Emerson, 1972a:83",,,,,
Discocorpus,Discocorpus,"Carriker, 1936:147",Discocorpus cephalosus,Carriker,,,,,,,
Vernoniella,Vernoniella,,Ditopos biprosapiae,"Carriker, 1956a:127 ",Ditopos,"Emerson, 1972a:176",,,,,
Heptapsogaster,Heptapsogaster,,Goniocotes sexsetosus,"Carriker, 1936:165 ",Docophorocotes,"Hopkins & Clay, 1952:117",,,,,
Docophoroides,Docophoroides,"Giglioli, 1864:21",Philopterus brevis,Dufour,,,,,,,
Philopterus,Philopterus,,Docophorus communis,"Eichler, 1944a:80 ",Docophorulus,"Hopkins & Clay, 1952:118",,,,,
Philopterus,Philopterus,,Pediculus ocellatus,"Nitzsch, 1818:289 ",Docophorus,"Hopkins & Clay, 1952:119",,,,,
Cummingsiella,Cummingsiella,,Docophorus testudinarius,"Cummings, 1916b:675 ",Dollabella,"Hopkins & Clay, 1952:127",,,,,
Echinophilopterus,Echinophilopterus,"Ewing, 1927:92",Echinophilopterus chapini,Ewing,,,,,,,
Strigiphilus,Strigiphilus,,Docophorus cursor,"Z{l-}otorzycka, 1974:328 ",Eichlerius,,New Syn,,,,
Oxylipeurus,Oxylipeurus,,Eiconolipeurus importunuus,"Carriker, 1945a:91 ",Eiconolipeurus,"Hopkins & Clay, 1952:128",,,,,
Emersoniella,Emersoniella,"Tendeiro, 1965e:69",Emersoniella halcyonis,Tendeiro,,,,,,,
Oxylipeurus,Oxylipeurus,,Lipeurus clavatus,"Carriker, 1945a:104 ",Epicolinus,"Hopkins & Clay, 1952:130",,,,,
Pectinopygus,Pectinopygus,,Lipeurus gracilicornis,"Thompson, 1935b:150 ",Epifregata,"Clay, 1973:214",,,,,
Pectinopygus,Pectinopygus,,Lipeurus forficulatus,"Thompson, 1935b:149 ",Epipelecanus,"Clay, 1973:214",,,,,
Rallicola,Rallicola,,Epipicus scapanoides,"Carriker, 1949a:309 ",Epipicus,"Hopkins & Clay, 1952:131",,,,,
Paragoniocotes,Paragoniocotes,,Dimorpha mirabilis,"Carriker, 1944a:233 ",Epipsittacus,"Hopkins & Clay, 1952:131",,,,,
Episbates,Episbates,"Thompson, 1935c:485",Philopterus pederiformis,Dufour,,,,,,,
Esthiopterum,Esthiopterum,,Philopterus ebraeus,"Harrison, 1937:25 ",Esthiopterella,"Hopkins & Clay, 1952:131",,,,,
Esthiopterum,Esthiopterum,"Harrison, 1916:26",Philopterus ebraeus,Nitzsch,,,,,,,
Goniodes,Goniodes,,Goniodes ocrea,"Mey, 1997b:29 ",Euligoniodes,,New Syn,,,,
Plegadiphilus,Plegadiphilus,,Plegadiphilus geronticus,"Eichler, 1986:46 ",Euplegadiphilus,,New Syn,,,,
Docophoroides,Docophoroides,,Lipeurus taurus,"Taschenberg, 1882:182 ",Eurymetopus,"Hopkins & Clay, 1952:134",,,,,
Strigiphilus,Strigiphilus,,Docophorus ceblebrachys,"Ewing, 1926:148 ",Eustrigiphilus,"Hopkins & Clay, 1952:134",,,,,
Craspedorrhynchus,Craspedorrhynchus,,Docophorus aquilinus,"Clay & Meinertzhagen, 1938b:275 ",Falcoecus,"Hopkins & Clay, 1952:135",,,,,
Falcolipeurus,Falcolipeurus,"Bedford, 1931a:290",Lipeurus secretarius,Giebel,,,,,,,
Falcolius,Falcolius,"Clay, 1955a:180",Falcolius jordani,Clay,,,,,,,
Anatoecus,Anatoecus,,Docophorus pygaspis,"Kéler, 1960a:305 ",Flamingobius,"Emerson, 1972a:12",,,,,
Forficuloecus,Forficuloecus,"Conci, 1941b:126",Philopterus forficula,Piaget,,,,,,,
Formicaphagus,Formicaphagus,"Carriker, 1957b:411",Formicaphagus picturatus,Carriker,,,,,,,
Formicaricola,Formicaricola,"Carriker, 1957b:430",Formicaricola analoides,Carriker,,,,,,,
Fulicoffula,Fulicoffula,"Clay & Meinertzhagen, 1938b:279",Philopterus luridus,Nitzsch,,,,,,,
Rallicola,Rallicola,,Furnaricola acutifrons,"Carriker, 1944c:83 ",Furnaricola,"Hopkins & Clay, 1952:142",,,,,
Furnariphilus,Furnariphilus,"Price & Clayton, 1995a:839",Furnariphilus pagei,Price & Clayton,,,,,,,
Cuclotogaster,Cuclotogaster,,Lipeurus heterographus,"Clay, 1938b:135 ",Gallipeurus,"Hopkins & Clay, 1952:142",,,,,
Galliphilopterus,Galliphilopterus,"Emerson & Elbel, 1957d:147",Galliphilopterus brunneopectus,Emerson & Elbel,,,,,,,
Trabeculus,Trabeculus,,Giebelia mirabilis,"Kellogg, 1896a:137 ",Giebelia,"Hopkins & Clay, 1952:143",,,,,
Quadraceps,Quadraceps,,Nirmus ellipticus,"Eichler, 1944a:80 ",Glareolites,"Hopkins & Clay, 1952:143",,,,,
Physconelloides,Physconelloides,,Goniocotacanthus mattogrossensis,"Guimarães, 1936a:225 ",Goniocotacanthus,"Hopkins & Clay, 1952:146",,,,,
Goniocotes,Goniocotes,"Burm., 1838:431",Ricinus gallinae,De Geer,,,,,,,
Goniodes,Goniodes,"Nitzsch, 1818:293",Pediculus pavonis,L.,,,,,,,
Goniodes,Goniodes,,Goniodes chelicornis,"Kéler, 1937a:130 ",Gonocephalus,"Hopkins & Clay, 1952:159",,,,,
Goniodes,Goniodes,,Goniodes cervinicornis,"Kéler, 1939b:48 ",Gonotyles,"Hopkins & Clay, 1952:159",,,,,
Guenterion,Naubates,"Palma & Pilgrim, 2002:29",,,,,,Guenterion,"Palma & Pilgrim, 2002:29 ",Lipeurus clypeatus,Giebel
Brueelia,Brueelia,,Docophorus subalbicans,"Eichler, 1949b:11 ",Guimaraesiella,"Hopkins & Clay, 1952:160",,,,,
Quadraceps,Quadraceps,,Nirmus haematopi,"Timmer., 1950b:1 ",Haematophagus,"Hopkins & Clay, 1953:438",,,,,
Haffneria,Haffneria,"Timmer., 1966:87",Perineus piratae,Timmer.,,,,,,,
Alcedoecus,Alcedoecus,,Docophorus alatoclypeatus,"Uchida, 1948:312 ",Halcyonicola,"Hopkins & Clay, 1952:163",,,,,
Halipeurus,Halipeurus,"Thompson, 1936:40",Lipeurus angusticeps,Piaget,,,,,,,
Harrisoniella,Harrisoniella,"Bedford, 1929:529",Lipeurus ferox,Giebel,,,,,,,
Saemundssonia,Saemundssonia,,Docophorus alpinus,"Kéler, 1936a:261 ",Hastaephorus,"Hopkins & Clay, 1952:165",,,,,
Heptapsogaster,Heptapsogaster,,Heinrothiella inexpectata,"Eichler, 1942e:29 ",Heinrothiella,"Hopkins & Clay, 1952:165",,,,,
Aegypoecus,Aegypoecus,,Helluo neophron,"Clay & Meinertzhagen, 1938b:276 ",Helluo,"Hopkins & Clay, 1952:166",,,,,
Kelloggia,Kelloggia,,Heptagoniodes mirabilis,"Carriker, 1936:166 ",Heptagoniodes,"Hopkins & Clay, 1952:166",,,,,
Heptapsogaster,Heptapsogaster,"Carriker, 1936:115",Heptapsogaster mandibularis,Carriker,,,,,,,
Pterocotes,Pterocotes,,Heptapsus notocercae,"Carriker, 1936:153 ",Heptapsus,"Ward, 1957:340",,,,,
Heptapsogaster,Heptapsogaster,,Goniodes parvulus,"Carriker, 1936:134 ",Heptarthrogaster,"Hopkins & Clay, 1952:171",,,,,
Megapeostus,Megapeostus,,Goniocotes clypeiceps,"Carriker, 1936:144 ",Heterogoniodes,"Ward, 1957:338",,,,,
Heptapsogaster,Heptapsogaster,,Rhyncothura carrikeri,"Carriker, 1944a:175 ",Heteropeostus,"Hopkins & Clay, 1952:172",,,,,
Acidoproctus,Acidoproctus,,Heteroproctus hilli,"Harrison, 1915a:394 ",Heteroproctus,"Hopkins & Clay, 1952:172",,,,,
Quadraceps,Quadraceps,,Nirmus hemichrous,"Z{l-}otorzycka, 1967:733 ",Himantophagus,"Emerson, 1972a:133",,,,,
Brueelia,Brueelia,,Hirundiniella cruscula,"Carriker, 1963a:312 ",Hirundiniella,"Emerson, 1972a:24",,,,,
Osculotes,Osculotes,,Hoazinia femoralis,"Carriker, 1940:287 ",Hoazinia,"Hopkins & Clay, 1952:173",,,,,
Goniodes,Goniodes,,Goniocotes macrocephalus,"Kéler, 1939b:117 ",Homocerus,"Hopkins & Clay, 1952:175",,,,,
Hopkinsiella,Hopkinsiella,"Clay & Meinertzhagen, 1939b:166",Hopkinsiella hopkinsi,Clay & Meinertzhagen,,,,,,,
Huiacola,Rallicola,,,,,,New Syn,Huiacola,"Mey, 1990a:52 ",Huiacola extinctus,Mey
Austrokelloggia,Austrokelloggia,,Strongylocotes coniceps,"Carriker, 1940:298 ",Hypocrypturellus,"Hopkins & Clay, 1952:175",,,,,
Austrokelloggia,Austrokelloggia,,Strongylocotes coniceps,"Carriker, 1936:178 ",Hypocryptus,"Hopkins & Clay, 1952:175",,,,,
Ibidoecus,Ibidoecus,"Cummings, 1916b:663",Docophorus plataleae,Denny,,,,,,,
Incidifrons,Incidifrons,"Ewing, 1929:189",Docophorus pertusus,Burm.,,,,,,,
Goniodes,Goniodes,,Goniodes fimbriatus,"Tendeiro, 1954a:94 ",Keleria,,New Syn,,,,
Goniodes,Goniodes,,Goniodes processus,"Conci, 1946b:77 ",Kelerigoniodes,"Hopkins & Clay, 1952:178",,,,,
Degeeriella,Degeeriella,,Nirmus fuscus,"Eichler, 1940b:101 ",Kelerinirmus,"Hopkins & Clay, 1952:179",,,,,
Kelloggia,Kelloggia,"Carriker, 1903:153",Kelloggia brevipes,Carriker,,,,,,,
Kodocephalon,Kodocephalon,"Kéler, 1939b:73",Goniodes latus,Piaget,,,,,,,
Quadraceps,Quadraceps,,Nirmus punctatus,"Eichler, 1940b:101 ",Koeniginirmus,"Hopkins & Clay, 1952:180",,,,,
Labicotes,Labicotes,"Kéler, 1939b:171",Goniocotes guttatus,Taschenberg,,,,,,,
Lagopoecus,Lagopoecus,"Waterston, 1922:159",Nirmus cameratus,Burm.,,,,,,,
Quadraceps,Quadraceps,,Nirmus ornatus,"Z{l-}otorzycka, 1967:754 ",Laminonirmus,"Emerson, 1972a:133",,,,,
Lamprocorpus,Lamprocorpus,"Carriker, 1936:150",Lamprocorpus hirsutus,Carriker,,,,,,,
Goniodes,Goniodes,,Leipoiella maoriana,"Mey, 1986:526 ",Leipoiella,"Palma & Barker, 1996:180",,,,,
Kelloggia,Kelloggia,,Goniocotes agonus,"Taschenberg, 1882:55 ",Lepidophorus,"Hopkins & Clay, 1952:189",,,,,
Lipeurus,Lipeurus,,Lipeuroides nodosus,"Mey, 1982d:240 ",Lipeuroides,,New Syn,,,,
Lipeurus,Lipeurus,"Nitzsch, 1818:292",Pediculus caponis,L.,,,,,,,
Goniodes,Goniodes,,Goniocotes discogaster,"Mey, 1997b:35 ",Lobicrotaphus,,New Syn,,,,
Lunaceps,Lunaceps,"Clay & Meinertzhagen, 1939c:450",Nirmus actophilus,Kellogg & Chapman,,,,,,,
Trabeculus,Trabeculus,,Mackayia dimorpha,"Waterston, 1912a:252 ",Mackayia,"Hopkins & Clay, 1952:204",,,,,
Brueelia,Brueelia,,Nirmus mundus,"Z{l-}otorzycka, 1964b:247 ",Maculinirmus,"Ledger, 1980:141",,,,,
Lipeurus,Lipeurus,,Malaulipeurus alexandermuelleri,"Mey & Curio, 1993b:141 ",Malaulipeurus,,New Syn,,,,
Gonoides,Gonoides,,Goniocotes minor,"Mey, 1997b:24 ",Maleoicus,,New Syn,,,,
Goniodes,Goniodes,,Goniocotes major,"Mey, 1997b:23 ",Maleophilus,,New Syn,,,,
Goniodes,Goniodes,,Goniodes eurygaster,"Kéler, 1939b:132 ",Margaritenes,"Hopkins & Clay, 1952:205",,,,,
Paragoniocotes,Paragoniocotes,,Paragoniocotes grandis,"Eichler, 1952c:77 ",Mausolus,"Hopkins & Clay, 1953:439",,,,,
Megaginus,Megaginus,"Carriker, 1936:97",Megaginus emarginatus,Carriker,,,,,,,
Oxylipeurus,Oxylipeurus,,Lipeurus unicolor,"Kéler, 1958b:338 ",Megalipeurus,"Ledger, 1980:163",,,,,
Megapeostus,Megapeostus,"Carriker, 1936:141",Megapeostus asymmetricus,Carriker,,,,,,,
Megapodiella,Megapodiella,"Emerson & Price, 1972a:77",Megapodiella nakatae,Emerson & Price,,,,,,,
Goniodes,Goniodes,,Goniodes leipoae,"Mey, 1986:530 ",Megatheliella,"Palma & Barker, 1996:180",,,,,
Lipeurus,Lipeurus,,Megathellipeurus sejugatus,"Mey, 1986:534 ",Megathellipeurus,"Palma & Barker, 1996:189",,,,,
Meinertzhageniella,Meinertzhageniella,"Eichler, 1940b:98",Lipeurus latus,Piaget,,,,,,,
Alcedoecus,Alcedoecus,,Philopterus setosus,"Conci, 1941b:127 ",Meliphagoecus,"Hopkins & Clay, 1952:207",,,,,
Meropoecus,Meropoecus,"Eichler, 1940b:102",Docophorus meropis,Denny,,,,,,,
Brueelia,Brueelia,,Degeeriella apiastri,"Conci, 1941a:104 ",Meropsiella,"Hopkins & Clay, 1952:225",,,,,
Ornithobius,Ornithobius,,Metopeuron punctatum,"Rudow, 1870a:138 ",Metopeuron,"Hopkins & Clay, 1952:225",,,,,
Pectinopygus,Pectinopygus,,Naubates garbei,"Pessôa & Guimarães, 1935c:109 ",Micronaubates,"Hopkins & Clay, 1952:226",,,,,
Quadraceps,Quadraceps,,Nirmus obliquus,"Eichler, 1944a:81 ",Mjoeberginirmus,"Hopkins & Clay, 1952:226",,,,,
Mulcticola,Mulcticola,"Clay & Meinertzhagen, 1938b:279",Nirmus hypoleucus,Denny,,,,,,,
Nakicola,Nakicola,"Mey, 1993b:148",Nakicola madagascarinus,Mey,,,,,,,
Naubates,Naubates,"Bedford, 1930:167",Lipeurus fuliginosus,Taschenberg,,,,,,,
Naubates,Naubates,,Naubates heteroproctus,"Harrison, 1937:30 ",Naubates,"Hopkins & Clay, 1952:234",,,,,
Strigiphilus,Strigiphilus,,nomen nudum,"Kéler, 1939:53 ",Neodocophorus,"Hopkins & Clay, 1952:235",,,,,
Neophilopterus,Neophilopterus,"Cummings, 1916b:660",Docophorus tricolor,Burm.,,,,,,,
Neopsittaconirmus,Neopsittaconirmus,"Conci, 1942b:37",Neopsittaconirmus borgiolii,Conci,,,,,,,
Nesiotinus,Nesiotinus,,Nesiotinus demersa,"Kellogg, 1903:90 ",Nesiotes,"Hopkins & Clay, 1952:239",,,,,
Nesiotinus,Nesiotinus,"Kellogg, 1903:89",Nesiotinus demersa,Kellogg,,,,,,,
Brueelia,Brueelia,,Nirmus limbatus,"Z{l-}otorzycka, 1964b:248 ",Nigronirmus,"Ledger, 1980:141",,,,,
Strongylocotes,Strongylocotes,,Nirmocotes orbicularis,"Carriker, 1936:78 ",Nirmocotes,"Hopkins & Clay, 1952:239",,,,,
Quadraceps,Quadraceps,,Docophorus antennatus,"Eichler, 1944a:81 ",Nirmoides,"Hopkins & Clay, 1952:239",,,,,
Degeeriella,Degeeriella,,Nirmus discocephalus,"Nitzsch, 1818:291 ",Nirmus,"Hopkins & Clay, 1952:240",,,,,
Coloceras,Coloceras,,Goniocotes menadensis,"Kéler, 1939b:67 ",Nitzschiella,"Hopkins & Clay, 1952:249",,,,,
Campanulotes,Campanulotes,,Nitzschielloides campanulatus,"Tendeiro, 1969f:468 ",Nitzschielloides,,New Syn,,,,
Nothocotus,Nothocotus,"Carriker, 1936:103",Nothocotus parvithorax,Carriker,,,,,,,
Lipeurus,Lipeurus,,Lipeurus lawrensis,"Tendeiro, 1955b:836 ",Numidilipeurus,,New Syn,,,,
Nyctibicola,Nyctibicola,"Cicchino, 1989:447",Nyctibicola longirostris,Cicchino,,,,,,,
Quadraceps,Quadraceps,,Nirmus annulatus,"Eichler, 1943f:59 ",Oedicnemiceps,"Hopkins & Clay, 1952:250",,,,,
Brueelia,Brueelia,,Nirmus glandarii,"Z{l-}otorzycka, 1964b:246 ",Olivinirmus,"Ledger, 1980:141",,,,,
Trabeculus,Trabeculus,,Oncophorus schillingii,"Rudow, 1870b:475 ",Oncophorus,"Hopkins & Clay, 1952:250",,,,,
Rallicola,Rallicola,,Oncophorus bisetosus,"Piaget, 1880:213 ",Oncophorus,"Hopkins & Clay, 1952:251",,,,,
Osculotes,Osculotes,,Opisthocomiella macropoda,"Guimarães, 1940b:286 ",Opisthocomiella,"Hopkins & Clay, 1952:251",,,,,
Ornicholax,Ornicholax,"Carriker, 1903:151",Ornicholax robustus,Carriker,,,,,,,
Ornithobius,Ornithobius,"Denny, 1842:183",Pediculus cygni,L.,,,,,,,
Ornithobius,Ornithobius,,Pediculus cygni,"Neumann, 1909:9 ",Ornithonomus,"Hopkins & Clay, 1952:253",,,,,
Brueelia,Brueelia,,Osculonirmus limpidus,"Mey, 1982b:59 ",Osculonirmus,,New Syn,,,,
Osculotes,Osculotes,"Kéler, 1939b:175",Goniocotes curtus,Burm.,,,,,,,
Otidoecus,Otidoecus,"Bedford, 1931a:285",Otidoecus dimorphus,Bedford,,,,,,,
Otidoecus,Otidoecus,,Nirmus turmalis,"Bedford, 1931a:287 ",Otilipeurus,"Hopkins & Clay, 1952:255",,,,,
Goniodes,Goniodes,,Goniodes dissimilis,"Kéler, 1939b:97 ",Oulocrepis,"Hopkins & Clay, 1952:255",,,,,
Oxylipeurus,Oxylipeurus,"Mjöberg, 1910b:91",Lipeurus inaequalis,Piaget,,,,,,,
Pachyskelotes,Pachyskelotes,"Kéler, 1939b:55",Lipeurus orthopleurum,Nitzsch,,,,,,,
Brueelia,Brueelia,,Painjunirmus pengya,"Ansari, 1947:285 ",Painjunirmus,"Hopkins & Clay, 1952:261",,,,,
Penenirmus,Penenirmus,,Panurinirmus visendus,"Z{l-}otorzycka, 1964b:270 ",Panurinirmus,"Emerson, 1972a:111",,,,,
Paraclisis,Paraclisis,"Timmer., 1965:96",Pediculus diomedeae,Fabricius [J.C.],,,,,,,
Paragoniocotes,Paragoniocotes,"Cummings, 1916c:101",Paragoniocotes gripocephalus,Cummings,,,,,,,
Penenirmus,Penenirmus,,Nirmus heteroscelis,"Z{l-}otorzycka, 1964b:275 ",Paranirmus,"Emerson, 1972a:111",,,,,
Parapsittaconirmus,Psittaconirmus,"Price & Clayton, 1984:245",,,,,,Parapsittaconirmus,"Price & Clayton, 1984:245 ",Psittaconirmus micropsittae,Price & Clayton
Columbicola,Columbicola,,Parasoricella wolffhuegeli,"Eichler, 1952c:77 ",Parasoricella,"Hopkins & Clay, 1953:441",,,,,
Paroncophorus,Paroncophorus,"Harrison, 1916:23",Nirmus cephalotes,Nitzsch sensu Piaget,,,,,,,
Rallicola,Rallicola,,Rallicola sulcata,"Harrison, 1915a:90 ",Parricola,"Hopkins & Clay, 1952:266",,,,,
Passonomedea,Passonomedea,"Carriker, 1944c:79",Passonomedea hopkinsi,Carriker,,,,,,,
Coloceras,Coloceras,,Patellinirmus novaeseelandiae,"Tendeiro, 1972c:63 ",Patellinirmus,"Palma & Barker, 1996:165",,,,,
Pectenosoma,Pectenosoma,"Ewing, 1929:191",Goniocotes verrucosus,Taschenberg,,,,,,,
Pectinopygus,Pectinopygus,"Mjöberg, 1910b:95",Lipeurus pullatus,Nitzsch,,,,,,,
Pelmatocerandra,Pelmatocerandra,"Enderlein, 1909b:449",Nirmus setosus,Giebel,,,,,,,
Penenirmus,Penenirmus,"Clay & Meinertzhagen, 1938a:73",Pediculus albiventris,Scopoli,,,,,,,
Perineus,Perineus,"Thompson, 1936:41",Lipeurus nigrolimbatus,Giebel,,,,,,,
Quadraceps,Quadraceps,,Peripetasma altoasiaticum,"Timmer., 1954d:167 ",Peripetasma,"Hopkins & Clay, 1955:185",,,,,
Wilsoniella,Wilsoniella,,Lipeurus absitus,"Guimarães, 1940b:300 ",Pessoaiella,"Hopkins & Clay, 1952:278",,,,,
Neopsittaconirmus,Neopsittaconirmus,,Lipeurus circumfasciatus,"Eichler, 1943b:114 ",Pflegeriella,"Hopkins & Clay, 1952:278",,,,,
Columbicola,Columbicola,,Phagopterus columbae,"Freire & Duarte, 1944:13 ",Phagopterus,"Hopkins & Clay, 1952:279",,,,,
Pectinopygus,Pectinopygus,,Lipeurus brevicornis,"Thompson, 1935b:150 ",Philichthyophaga,"Clay, 1973:214",,,,,
Philoceanus,Philoceanus,"Kellogg, 1903:87",Philoceanus becki,Kellogg,,,,,,,
Philopterus,Philopterus,"Nitzsch, 1818:288",Pediculus ocellatus,Scopoli,,,,,,,
Physconella,Physconella,"Paine, 1914a:23",Physconella kelloggi,Paine,,,,,,,
Physconelloides,Physconelloides,"Ewing, 1927:94",Physconelloides ceratoceps,Ewing,,,,,,,
Picicola,Picicola,"Clay & Meinertzhagen, 1938a:74",Picicola praeposterus,Clay & Meinertzhagen,,,,,,,
Penenirmus,Penenirmus,,Picophilopterus tuktola,"Ansari, 1947:265 ",Picophilopterus,"Hopkins & Clay, 1952:294",,,,,
Picicola,Picicola,,Esthiopterum quadripustulosum,"Eichler, 1982:84 ",Pittidicola,,New Syn,,,,
Penenirmus,Penenirmus,,Docophorus pari,"Z{l-}otorzycka, 1964b:275 ",Pleurinirmus,"Emerson, 1972a:111",,,,,
Podargoecus,Podargoecus,"Emerson & Price, 1966a:224",Podargoecus papuensis,Emerson & Price,,,,,,,
Quadraceps,Quadraceps,,Nirmus semifissa,"Timmer., 1953b:331 ",Proneptis,"Palma & Barker, 1996:209",,,,,
Brueelia,Brueelia,,Prunellides annae,"Z{l-}otorzycka & Eichler, 1984:219 ",Prunellides,,New Syn,,,,
Pseudocophorus,Pseudocophorus,"Carriker, 1940:281",Pseudocophorus antennatus,Carriker,,,,,,,
Pseudolipeurus,Pseudolipeurus,"Carriker, 1936:68",Lipeurus tinami,Carriker,,,,,,,
Pseudonirmus,Pseudonirmus,"Mjöberg, 1910b:149",Pseudonirmus charcoti,Neumann,,,,,,,
Pseudophilopterus,Pseudophilopterus,"Carriker, 1936:73",Pseudophilopterus hirsutus,Carriker,,,,,,,
Neopsittaconirmus,Neopsittaconirmus,,Lipeurus kea,"Guimarães, 1942e:80 ",Psittacicola,"Hopkins & Clay, 1952:304",,,,,
Psittoecus,Psittoecus,,Philopterus waterstoni,"Eichler, 1943b:116 ",Psittaciphagus,"Hopkins & Clay, 1952:304",,,,,
Psittaconirmus,Psittaconirmus,"Harrison, 1915a:402",Psittaconirmus australis,Neumann,,,,,,,
Psittoecus,Psittoecus,"Conci, 1942b:40",Philopterus waterstoni,Fresca,,,,,,,
Rallicola,Rallicola,,Lipeurus foedus,"Eichler, 1982:84 ",Psophiicola,,New Syn,,,,
Pterocotes,Pterocotes,"Ewing, 1929:192",Goniodes aberrans,Carriker,,,,,,,
Puffinoecus,Saemundssonia,"Timmer., 1972:104",,,,,,Puffinoecus,"Eichler, 1949b:12 ",Puffinoecus peusi,Eichler
Quadraceps,Quadraceps,"Clay & Meinertzhagen, 1939c:453",Nirmus vanelli,Denny,,,,,,,
Rallicola,Rallicola,"Johnston & Harrison, 1911:324",Nirmus attenuatus,Burm.,,,,,,,
Quadraceps,Quadraceps,,Quadraceps andina,"Eichler, 1954b:52 ",Recurvirostriceps,,New Syn,,,,
Oxylipeurus,Oxylipeurus,,Lipeurus tetraonis,"Kéler, 1958b:332 ",Reticulipeurus,"Ledger, 1980:163",,,,,
Cirrophthirius,Cirrophthirius,,nomen nudum,"Eichler, 1952c:77 ",Rhombiceps,"Hopkins & Clay, 1955:179",,,,,
Rhopaloceras,Rhopaloceras,"Taschenberg, 1882:46",Goniodes aliceps,Nitzsch,,,,,,,
Heptapsogaster,Heptapsogaster,,Goniodes sexpunctatus,"Carriker, 1936:127 ",Rhynchothura,"Hopkins & Clay, 1952:323",,,,,
Rhynonirmus,Rhynonirmus,"Thompson, 1935a:281",Lipeurus infuscatus,Osborn,,,,,,,
Sturnidoecus,Sturnidoecus,,Rostrinirmus refractariolus,"Z{l-}otorzycka, 1964b:276 ",Rostrinirmus,"Emerson, 1972a:171",,,,,
Rotundiceps,Rotundiceps,"Edwards, 1952:28",Nirmus cordatus,Osborn,,,,,,,
Saemundssonia,Saemundssonia,"Timmer., 1936:97",Docophorus gonothorax,Giebel,,,,,,,
Fulicoffula,Fulicoffula,,Lipeurus picturatus,"Carriker, 1953a:153 ",Sakoskida,"Hopkins & Clay, 1955:187",,,,,
Campanulotes,Campanulotes,,Goniodes flavus,"Tendeiro, 1971:172 ",Saussurites,"Palma & Barker, 1996:162",,,,,
Cummingsiella,Cummingsiella,,Docophorus ambiguus,"Eichler & Z{l-}otorzycka, 1964:321 ",Scolopaceps,"Emerson, 1972a:55",,,,,
Brueelia,Brueelia,,Serinirmus sexytanum,"Soler Cruz et al., 1987:244 ",Serinirmus,,New Syn,,,,
Osculotes,Osculotes,,Goniocotes curtus,"Eichler, 1940b:97 ",Sikorella,"Hopkins & Clay, 1952:337",,,,,
Goniodes,Goniodes,,Goniodes dispar,"Kéler, 1939b:101 ",Solenodes,"Hopkins & Clay, 1952:337",,,,,
Columbicola,Columbicola,,Soricella streptopeliae,"Clay & Meinertzhagen, 1937:276 ",Soricella,"Hopkins & Clay, 1952:337",,,,,
Brueelia,Brueelia,,Nirmus nebulosus,"Z{l-}otorzycka, 1964b:261 ",Spironirmus,"Ledger, 1980:141",,,,,
Splendoroffula,Splendoroffula,,Splendoroffula theresae,"Kéler, 1958b:309 ",Splendopeurus,,New Syn,,,,
Splendoroffula,Splendoroffula,"Clay & Meinertzhagen, 1941:343",Splendoroffula corythaeolae,Clay & Meinertzhagen,,,,,,,
Goniodes,Goniodes,,Goniocotes gigas,"Kéler, 1939b:124 ",Stenocrotaphus,"Hopkins & Clay, 1952:338",,,,,
Auricotes,Auricotes,,Goniocotes affinis,"Tendeiro, 1969g:495 ",Stephanius,,New Syn,,,,
Fulicoffula,Fulicoffula,,Lipeurus rotundatus,"Eichler, 1940b:100 ",Stresemanniella,"Hopkins & Clay, 1952:338",,,,,
Strigiphilus,Strigiphilus,"Mjöberg, 1910b:132",Docophorus heterocerus,Grube,,,,,,,
Strongylocotes,Strongylocotes,"Taschenberg, 1882:54",Goniodes complanatus,Piaget,,,,,,,
Struthiolipeurus,Struthiolipeurus,"Cummings, 1916b:679",Lipeurus asymmetricus,Piaget,,,,,,,
Sturnidoecus,Sturnidoecus,"Eichler, 1944a:81",Docophorus leontodon,Nitzsch sensu Piaget,,,,,,,
Synnautes,Halipeurus,,,,,,New Syn,Synnautes,"Thompson, 1936:43 ",Lipeurus pelagicus,Denny
Syrrhaptoecus,Syrrhaptoecus,"Waterston, 1928a:337",Syrrhaptoecus uncinosus,Waterston,,,,,,,
Quadraceps,Quadraceps,,Docophorus elongatus,"Eichler, 1944a:81 ",Szidatiella,"Hopkins & Clay, 1952:347",,,,,
Oxylipeurus,Oxylipeurus,,Talegallipeurus tenuis,"Mey, 1982d:242 ",Talegallipeurus,,New Syn,,,,
Ibidoecus,Ibidoecus,,Docophorus bisignatus,"Eichler, 1982:85 ",Tandaniella,,New Syn,,,,
Docophoroides,Docophoroides,,Lipeurus taurus,"Neumann, 1913b:195 ",Taschenbergiella,"Hopkins & Clay, 1952:348",,,,,
Docophoroides,Docophoroides,,Lipeurus taurus,"Neumann, 1906:60 ",Taschenbergius,"Hopkins & Clay, 1952:348",,,,,
Theresiella,Theresiella,"Guimarães, 1971:213",Theresiella hitchcocki,Guimarães,,,,,,,
Philoceanus,Philoceanus,,Lipeurus annuliventris,"Uchida, 1954:109 ",Thompsonia,"Hopkins & Clay, 1955:188",,,,,
Ardeicola,Ardeicola,,Lipeurus ibis,"Eichler, 1982:86 ",Threskardeicola,"Palma & Barker, 1996:156",,,,,
Quadraceps,Quadraceps,,Nirmus phalaropi,"Eichler & Z{l-}otorzycka, 1964:322 ",Timmer.iceps,"Emerson, 1972a:133",,,,,
Heptapsogaster,Heptapsogaster,,Goniocotes rotundatus,"Carriker, 1936:158 ",Tinamicola,"Hopkins & Clay, 1952:348",,,,,
Tinamotaecola,Tinamotaecola,"Carriker, 1944a:86",Tinamotaecola andinae,Carriker,,,,,,,
Trabeculus,Trabeculus,"Rudow, 1866b:466",Trabeculus schillingi,Rudow,,,,,,,
Brueelia,Brueelia,,Traihoriella punjabensis,"Ansari, 1947:290 ",Traihoriella,"Hopkins & Clay, 1952:349",,,,,
Chelopistes,Chelopistes,,Trichodomedea setosa,"Carriker, 1945c:365 ",Trichodomedea,"Hopkins & Clay, 1952:355",,,,,
Trichodopeostus,Trichodopeostus,"Carriker, 1936:137",Trichodopeostus spinosus,Carriker,,,,,,,
Trichophilopterus,Trichophilopterus,"Stobbe, 1913b:105",Trichophilopterus babakotophilus,Stobbe,,,,,,,
Philopterus,Philopterus,,Tritrabeculus goshikidori,"Uchida, 1948:315 ",Tritrabeculus,"Hopkins & Clay, 1952:358",,,,,
Trogoniella,Trogoniella,"Tendeiro, 1960c:133",Trogoniella apaloderma,Tendeiro,,,,,,,
Trogoninirmus,Trogoninirmus,"Eichler, 1944a:82",Nirmus hastiformis,Carriker,,,,,,,
Falcolipeurus,Falcolipeurus,,Trollipeurus eichleri,"Z{l-}otorzycka, 1963b:3 ",Trollipeurus,"Price & Emerson, 1966b:432",,,,,
Brueelia,Brueelia,,Nirmus merulensis,"Eichler, 1951c:41 ",Turdinirmus,"Hopkins & Clay, 1953:446",,,,,
Turnicola,Turnicola,"Clay & Meinertzhagen, 1938b:278",Lipeurus angustissimus,Giebel,,,,,,,
Turturicola,Turturicola,"Clay & Meinertzhagen, 1937:278",Turturicola salimalii,Clay & Meinertzhagen,,,,,,,
Picicola,Picicola,,Nirmus foedus,"Carriker, 1956b:73 ",Tyrannicola,,New Syn,,,,
Strigiphilus,Strigiphilus,,Docophorus rostratus,"Eichler, 1949b:13 ",Tytoniella,"Hopkins & Clay, 1952:360",,,,,
Psittoecus,Psittoecus,,Philopterus waterstoni,"Guimarães, 1942e:87 ",Uncifrons,"Hopkins & Clay, 1952:360",,,,,
Upupicola,Upupicola,"Clay & Meinertzhagen, 1939b:164",Nirmus melanophrys,Nitzsch,,,,,,,
Vernoniella,Vernoniella,,Lipeurus macgregori,"Guimarães, 1936a:221 ",Vernonia,"Hopkins & Clay, 1952:361",,,,,
Vernoniella,Vernoniella,"Guimarães, 1942f:133",Lipeurus macgregori,Kellogg,,,,,,,
Chelopistes,Chelopistes,,Pediculus meleagridis,"Clay, 1941:119 ",Virgula,"Hopkins & Clay, 1952:361",,,,,
Goniodes,Goniodes,,Goniocotes fissus,"Mey, 1997b:33 ",Weelahia,,New Syn,,,,
Wilsoniella,Wilsoniella,"Eichler, 1940b:99",Lipeurus absitus,Kellogg,,,,,,,
Xenopsittaconirmus,Psittaconirmus,"Price & Clayton, 1984:245",,,,,,Xenopsittaconirmus,"Price & Clayton, 1984:245 ",Psittaconirmus kulmani,Price & Clayton
Brueelia,Brueelia,,Nirmus submarginellus,"Eichler, 1949b:13 ",Xobugirado,"Hopkins & Clay, 1952:362",,,,,
Goniodes,Goniodes,,Goniodes chelicornis,"Eichler {& Vasjukova}, 1981b:232 ",Zlotorzyckella,,New Syn,,,,
Ricinus,Ricinus,,Ricinus fringillae,"Hermann, 1804:12 ",Nirmus,"Hopkins & Clay, 1952:239",,,,,
Ricinus,Ricinus,,Liotheum nitidissimum,"Nitzsch, 1818:302 ",Physostomum,"Hopkins & Clay, 1952:291",,,,,
Ricinus,Ricinus,"De Geer, 1778:69",Ricinus fringillae,De Geer,,,,,,,
Trochiliphagus,Trochiliphagus,"Carriker, 1960a:331",Trochiliphagus lazulus,Carriker,,,,,,,
Trochiloecetes,Trochiloecetes,"Paine & Mann, 1913:21",Physostomum prominens,Kellogg & Chapman,,,,,,,
Meganarionoides,Meganarionoides,,Trichodectes congoensis,"Werneck, 1941:478 ",Acondylocephalus,"Hopkins & Clay, 1952:20",,,,,
Felicola,Felicola,,Felicola helogale,"Kéler, 1938d:463 ",Bedfordia,"Lyal, 1985:306",,,,,
Bisonicola,Bovicola,,,,,,New Syn,Bisonicola,"Lyal, 1985:253 ",Bovicola sedecimdecembrii,Eichler
Bovicola,Bovicola,"Ewing, 1929:123",Trichodectes caprae,Gurlt,,,,,,,
Bovicola,Bovicola,,Pediculus bovis,"Bedford, 1929:518 ",Bovidoecus,"Hopkins & Clay, 1952:52",,,,,
Cebidicola,Cebidicola,"Bedford, 1936:52",Trichodectes armatus,Neumann,,,,,,,
Cervicola,Damalinia,"Lyal, 1985:246",,,,,,Cervicola,"Kéler, 1938d:460 ",Trichodectes tibialis,Kéler
Condylocephalus,Procavicola,"Lyal, 1985:246",,,,,,Condylocephalus,"Werneck, 1941:497 ",Procavicola bedfordi,Werneck
Conepaticola,Neotrichodectes,"Lyal, 1985:247",,,,,,Conepaticola,"Lyal, 1985:328 ",Neotrichodectes semistriatus,Emerson & Price
Damalinia,Damalinia,"Mjöberg, 1910b:69",Trichodectes crenelatus,Piaget,,,,,,,
Dasyonyx,Dasyonyx,"Bedford, 1932b:721",Dasyonyx validus,Bedford,,,,,,,
Suricatoecus,Suricatoecus,,Trichodectes vulpis,"Conci, 1942c:140 ",Eichlerella,"Hopkins & Clay, 1952:128",,,,,
Eurytrichodectes,Eurytrichodectes,"Stobbe, 1913b:111",Eurytrichodectes paradoxus,Stobbe,,,,,,,
Eutrichophilus,Eutrichophilus,"Mjöberg, 1910b:71",Eutrichophilus cercolabes,Mjöberg,,,,,,,
Felicola,Felicola,,Felicola helogale,"Kéler, 1939b:11 ",Fastigatosculum,"Lyal, 1985:306",,,,,
Felicola,Felicola,,Trichodectes subrostratus,"Bedford, 1929:519 ",Felicinia,"Hopkins & Clay, 1952:137",,,,,
Felicola,Felicola,"Ewing, 1929:122",Trichodectes subrostratus,Burm.,,,,,,,
Trichodectes,Trichodectes,,Trichodectes galictidis,"Kéler, 1938b:228 ",Galictobius,"Hopkins & Clay, 1952:142",,,,,
Geomydoecus,Geomydoecus,"Ewing, 1929:193",Trichodectes geomydis,Osborn,,,,,,,
Trichodectes,Trichodectes,,unknown,"Kéler, 1938d:464 ",Grisonia,"Lyal, 1985:299",,,,,
Holakartikos,Bovicola,"Lyal, 1985:246",,,,,,Holakartikos,"Kéler, 1938d:461 ",Trichodectes pilosus,Piaget
Jamespattonius,Geomydoecus,"Hellenthal & Price, 1994:451",,,,,,Jamespattonius,"Hellenthal & Price, 1994:451 ",Geomydoecus wardi,Price & Emerson
Lakshminarayanella,Neotrichodectes,"Lyal, 1985:246",,,,,,Lakshminarayanella,"Eichler, 1982:83 ",Trichodectes gastrodes,Cummings
Lepikentron,Bovicola,"Lyal, 1985:246",,,,,,Lepikentron,"Kéler, 1938d:452 ",Trichodectes breviceps,Rudow
Lorisicola,Felicola,,,,,,New Syn,Lorisicola,"Bedford, 1936:51 ",Trichodectes mjoebergi,Stobbe
Lutridia,Lutridia,"Kéler, 1938d:433",Trichodectes exilis,Nitzsch,,,,,,,
Lakshminarayanella,Lakshminarayanella,,Trichodectes gastrodes,"Eichler, 1940a:158 ",Lymeon,"Eichler, 1982:83",,,,,
Cebidicola,Cebidicola,,Trichodectes armatus,"Kéler, 1938d:465 ",Meganarion,"Hopkins & Clay, 1952:205",,,,,
Meganarionoides,Procaviphilus,"Lyal, 1985:246",,,,,,Meganarionoides,"Eichler, 1940a:159 ",Trichodectes colobi,Kellogg
Nasuicola,Neotrichodectes,"Lyal, 1985:246",,,,,,Nasuicola,"Lyal, 1985:327 ",Trichodectes pallidus,Piaget
Neodasyonyx,Dasyonyx,"Lyal, 1985:246",,,,,,Neodasyonyx,"Werneck, 1941:543 ",Dasyonyx transvaalensis,Bedford
Paradoxuroecus,Paradoxuroecus,,Neofelicola aspidorhynchus,"Werneck, 1948:235 ",Neofelicola,"Lyal, 1985:318",,,,,
Neolutridia,Lutridia,,,,,,New Syn,Neolutridia,"Lyal, 1985:289 ",Trichodectes lutrae,Werneck
Neotrichodectes,Neotrichodectes,"Ewing, 1929:194",Trichodectes mephitidis,Packard,,,,,,,
Paradoxuroecus,Felicola,,,,,,New Syn,Paradoxuroecus,"Conci, 1942c:141 ",Paradoxuroecus juccii,Conci
Paradoxuroecus,Paradoxuroecus,,Trichodectes acuticeps,"Werneck, 1948:226 ",Parafelicola,"Lyal, 1985:318",,,,,
Paratrichodectes,Paratrichodectes,"Lyal, 1985:300",Trichodectes ovalis,Bedford,,,,,,,
Stachiella,Stachiella,,Trichodectes potus,"Conci, 1942c:141 ",Potusdia,"Lyal, 1985:301",,,,,
Procavicola,Procavicola,"Bedford, 1932b:711",Trichodectes sternatus,Bedford,,,,,,,
Procaviphilus,Procaviphilus,"Bedford, 1932b:725",Procaviphilus ferrisi,Bedford,,,,,,,
Protelicola,Protelicola,"Bedford, 1932a:354",Protelicola intermedia,Bedford,,,,,,,
Bovicola,Bovicola,,Trichodectes longicornis,"Kéler, 1938d:453 ",Rhabdopedilon,"Hopkins & Clay, 1952:322",,,,,
Spinibovicola,Bovicola,"Lyal, 1985:246",,,,,,Spinibovicola,"Lyal, 1985:253 ",Trichodectes hemitragi,Cummings
Stachiella,Stachiella,"Kéler, 1938d:428",Trichodectes pusillus,Nitzsch,,,,,,,
Suricatoecus,Felicola,"Lyal, 1985:246",,,,,,Suricatoecus,"Bedford, 1932a:354 ",Trichodectes cooleyi,Bedford
Thaelerius,Geomydoecus,"Hellenthal & Price, 1994:451",,,,,,Thaelerius,"Hellenthal & Price, 1994:451 ",Trichodectes thomomyus,McGregor
Thomomydoecus,Thomomydoecus,"Price & Emerson, 1972:464",Geomydoecus jamesbeeri,Price & Emerson,,,,,,,
Tragulicola,Damalinia,,,,,,New Syn,Tragulicola,"Lyal, 1985:255 ",Damalinia traguli,Werneck
Trichodectes,Trichodectes,"Nitzsch, 1818:294",Trichodectes canis,De Geer,,,,,,,
Tricholipeurus,Tricholipeurus,"Bedford, 1929:514",Tricholipeurus aepycerus,Bedford,,,,,,,
Trigonodectes,Neotrichodectes,"Lyal, 1985:246",,,,,,Trigonodectes,"Kéler, 1944:185 ",Trichodectes barbarae,Neumann
Trichodectes,Trichodectes,,Trichodectes pinguis,"Kéler, 1938d:435 ",Ursodectes,"Hopkins & Clay, 1952:361",,,,,
Werneckiella,Bovicola,,,,,,New Syn,Werneckiella,"Eichler, 1940a:160 ",Trichodectes equi,Denny
Werneckodectes,Werneckodectes,"Conci, 1946a:59",Trichodectes ferrisi,Werneck,,,,,,,
Acanthomenopon,Cummingsia,"Timm & Price, 1985:398",,,,,,Acanthomenopon,"Harrison, 1922:156 ",Acanthomenopon horridum,Harrison
Chinchillophaga,Chinchillophaga,"Emerson, 1964c:383",Chinchillophaga clayae,Emerson,,,,,,,
Cummingsia,Cummingsia,"Ferris, 1922:83",Cummingsia maculata,Ferris,,,,,,,
Harrisonia,Harrisonia,"Ferris, 1922:80",Harrisonia uncinata,Ferris,,,,,,,
Hoplomyophilus,Hoplomyophilus,"Méndez, 1967a:287",Hoplomyophilus nativus,Méndez,,,,,,,
Philandesia,Philandesia,"Kellogg & Nakayama, 1914a:198",Philandesia townsendii,Kellogg & Nakayama,,,,,,,
Trimenopon,Trimenopon,"Cummings, 1913:39",Trimenopon echinoderma,Cummings,,,,,,,
rejected name,rejected name,,unknown,"Nitzsch, 1818:296 ",Liotheum,"Bull. Zool.Nomen., 1962:97",,,,,
